INDEX,DATE,TEMPERATURE,USAGE,HOUROFDAY
442728,2020-07-04 00:00:00,57.0,0.48,0
442729,2020-07-04 01:00:00,57.0,0.6,1
442730,2020-07-04 02:00:00,57.0,0.48,2
442731,2020-07-04 03:00:00,57.0,0.48,3
442732,2020-07-04 04:00:00,55.0,0.48,4
442733,2020-07-04 05:00:00,55.0,0.64,5
442733,2020-07-04 05:00:00,57.0,0.64,5
442734,2020-07-04 06:00:00,61.0,0.52,6
442735,2020-07-04 07:00:00,63.0,0.72,7
442736,2020-07-04 08:00:00,66.0,0.56,8
442737,2020-07-04 09:00:00,68.0,0.48,9
442738,2020-07-04 10:00:00,72.0,1.08,10
442739,2020-07-04 11:00:00,75.0,1.68,11
442740,2020-07-04 12:00:00,81.0,1.68,12
442741,2020-07-04 13:00:00,84.0,1.96,13
442742,2020-07-04 14:00:00,88.0,1.72,14
442743,2020-07-04 15:00:00,84.0,1.76,15
442744,2020-07-04 16:00:00,82.0,2.04,16
442745,2020-07-04 17:00:00,81.0,2.12,17
442746,2020-07-04 18:00:00,75.0,2.28,18
442747,2020-07-04 19:00:00,72.0,2.36,19
442748,2020-07-04 20:00:00,70.0,2.08,20
442748,2020-07-04 20:00:00,68.0,2.08,20
442748,2020-07-04 20:00:00,66.0,2.08,20
442749,2020-07-04 21:00:00,66.0,1.0,21
442749,2020-07-04 21:00:00,64.0,1.0,21
442750,2020-07-04 22:00:00,64.0,0.84,22
442751,2020-07-04 23:00:00,64.0,0.56,23
442751,2020-07-04 23:00:00,63.0,0.56,23
442752,2020-07-05 00:00:00,63.0,0.52,0
442753,2020-07-05 01:00:00,63.0,0.44,1
442753,2020-07-05 01:00:00,61.0,0.44,1
442754,2020-07-05 02:00:00,61.0,0.4,2
442754,2020-07-05 02:00:00,59.0,0.4,2
442755,2020-07-05 03:00:00,59.0,0.32,3
442756,2020-07-05 04:00:00,59.0,0.32,4
442756,2020-07-05 04:00:00,57.0,0.32,4
442757,2020-07-05 05:00:00,57.0,0.48,5
442757,2020-07-05 05:00:00,59.0,0.48,5
442758,2020-07-05 06:00:00,61.0,0.28,6
442759,2020-07-05 07:00:00,64.0,0.56,7
442760,2020-07-05 08:00:00,70.0,0.48,8
442761,2020-07-05 09:00:00,73.0,0.76,9
442762,2020-07-05 10:00:00,73.0,0.68,10
442763,2020-07-05 11:00:00,77.0,0.92,11
442764,2020-07-05 12:00:00,82.0,2.0,12
442766,2020-07-05 14:00:00,79.0,1.68,14
442767,2020-07-05 15:00:00,79.0,1.8,15
442768,2020-07-05 16:00:00,75.0,2.0,16
442769,2020-07-05 17:00:00,72.0,2.16,17
442770,2020-07-05 18:00:00,68.0,2.12,18
442771,2020-07-05 19:00:00,64.0,1.8,19
442772,2020-07-05 20:00:00,64.0,1.68,20
442773,2020-07-05 21:00:00,64.0,0.92,21
442773,2020-07-05 21:00:00,63.0,0.92,21
442774,2020-07-05 22:00:00,63.0,0.52,22
442774,2020-07-05 22:00:00,61.0,0.52,22
442775,2020-07-05 23:00:00,61.0,0.44,23
442775,2020-07-05 23:00:00,63.0,0.44,23
442776,2020-07-06 00:00:00,63.0,0.32,0
442776,2020-07-06 00:00:00,61.0,0.32,0
442777,2020-07-06 01:00:00,61.0,0.32,1
442777,2020-07-06 01:00:00,59.0,0.32,1
442778,2020-07-06 02:00:00,59.0,0.24,2
442778,2020-07-06 02:00:00,61.0,0.24,2
442779,2020-07-06 03:00:00,59.0,1.2,3
442780,2020-07-06 04:00:00,59.0,1.36,4
442781,2020-07-06 05:00:00,59.0,1.04,5
442782,2020-07-06 06:00:00,59.0,0.56,6
442782,2020-07-06 06:00:00,63.0,0.56,6
442783,2020-07-06 07:00:00,64.0,0.36,7
442784,2020-07-06 08:00:00,66.0,0.36,8
442785,2020-07-06 09:00:00,68.0,0.4,9
442786,2020-07-06 10:00:00,70.0,1.16,10
442787,2020-07-06 11:00:00,70.0,0.88,11
442788,2020-07-06 12:00:00,72.0,0.76,12
442790,2020-07-06 14:00:00,70.0,1.08,14
442792,2020-07-06 16:00:00,66.0,1.64,16
442793,2020-07-06 17:00:00,63.0,1.92,17
442794,2020-07-06 18:00:00,61.0,1.76,18
442795,2020-07-06 19:00:00,59.0,1.76,19
442796,2020-07-06 20:00:00,59.0,1.36,20
442796,2020-07-06 20:00:00,57.0,1.36,20
442797,2020-07-06 21:00:00,57.0,1.32,21
442798,2020-07-06 22:00:00,57.0,1.0,22
442799,2020-07-06 23:00:00,57.0,0.76,23
442800,2020-07-07 00:00:00,57.0,0.68,0
442801,2020-07-07 01:00:00,57.0,0.64,1
442802,2020-07-07 02:00:00,57.0,0.56,2
442803,2020-07-07 03:00:00,55.0,0.52,3
442803,2020-07-07 03:00:00,57.0,0.52,3
442804,2020-07-07 04:00:00,55.0,0.52,4
442806,2020-07-07 06:00:00,59.0,0.68,6
442807,2020-07-07 07:00:00,63.0,0.64,7
442808,2020-07-07 08:00:00,66.0,0.6,8
442809,2020-07-07 09:00:00,66.0,0.68,9
442810,2020-07-07 10:00:00,68.0,0.68,10
442811,2020-07-07 11:00:00,73.0,0.56,11
442812,2020-07-07 12:00:00,75.0,0.56,12
442813,2020-07-07 13:00:00,81.0,1.36,13
442814,2020-07-07 14:00:00,81.0,1.92,14
442815,2020-07-07 15:00:00,77.0,2.12,15
442816,2020-07-07 16:00:00,73.0,2.16,16
442817,2020-07-07 17:00:00,68.0,2.04,17
442818,2020-07-07 18:00:00,66.0,1.76,18
442819,2020-07-07 19:00:00,63.0,2.04,19
442820,2020-07-07 20:00:00,63.0,2.12,20
442821,2020-07-07 21:00:00,63.0,1.64,21
442821,2020-07-07 21:00:00,61.0,1.64,21
442822,2020-07-07 22:00:00,61.0,1.24,22
442822,2020-07-07 22:00:00,59.0,1.24,22
442823,2020-07-07 23:00:00,59.0,0.96,23
442824,2020-07-08 00:00:00,59.0,0.76,0
442825,2020-07-08 01:00:00,57.0,0.76,1
442825,2020-07-08 01:00:00,59.0,0.76,1
442826,2020-07-08 02:00:00,57.0,0.72,2
442827,2020-07-08 03:00:00,59.0,0.64,3
442827,2020-07-08 03:00:00,57.0,0.64,3
442828,2020-07-08 04:00:00,57.0,0.64,4
442829,2020-07-08 05:00:00,57.0,0.72,5
442830,2020-07-08 06:00:00,61.0,0.64,6
442831,2020-07-08 07:00:00,63.0,0.68,7
442833,2020-07-08 09:00:00,68.0,0.68,9
442834,2020-07-08 10:00:00,70.0,0.68,10
442835,2020-07-08 11:00:00,73.0,1.0,11
442836,2020-07-08 12:00:00,79.0,1.08,12
442837,2020-07-08 13:00:00,81.0,1.28,13
442838,2020-07-08 14:00:00,79.0,3.08,14
442839,2020-07-08 15:00:00,81.0,2.68,15
442840,2020-07-08 16:00:00,75.0,1.8,16
442841,2020-07-08 17:00:00,72.0,2.08,17
442842,2020-07-08 18:00:00,68.0,2.28,18
442843,2020-07-08 19:00:00,63.0,2.28,19
442844,2020-07-08 20:00:00,61.0,2.12,20
442844,2020-07-08 20:00:00,59.0,2.12,20
442845,2020-07-08 21:00:00,61.0,1.72,21
442845,2020-07-08 21:00:00,63.0,1.72,21
442846,2020-07-08 22:00:00,59.0,1.32,22
442846,2020-07-08 22:00:00,61.0,1.32,22
442847,2020-07-08 23:00:00,59.0,1.0,23
442848,2020-07-09 00:00:00,59.0,0.88,0
442849,2020-07-09 01:00:00,59.0,0.92,1
442849,2020-07-09 01:00:00,57.0,0.92,1
442852,2020-07-09 04:00:00,55.0,0.72,4
442853,2020-07-09 05:00:00,55.0,0.92,5
442853,2020-07-09 05:00:00,57.0,0.92,5
442854,2020-07-09 06:00:00,59.0,0.84,6
442856,2020-07-09 08:00:00,66.0,0.72,8
442857,2020-07-09 09:00:00,68.0,0.6,9
442858,2020-07-09 10:00:00,70.0,0.92,10
442859,2020-07-09 11:00:00,75.0,1.64,11
442862,2020-07-09 14:00:00,84.0,4.36,14
442863,2020-07-09 15:00:00,82.0,2.76,15
442864,2020-07-09 16:00:00,81.0,2.12,16
442865,2020-07-09 17:00:00,75.0,2.16,17
442866,2020-07-09 18:00:00,73.0,2.24,18
442867,2020-07-09 19:00:00,66.0,2.2,19
442868,2020-07-09 20:00:00,64.0,1.4,20
442869,2020-07-09 21:00:00,64.0,1.44,21
442870,2020-07-09 22:00:00,63.0,1.52,22
442871,2020-07-09 23:00:00,63.0,1.12,23
442871,2020-07-09 23:00:00,61.0,1.12,23
442872,2020-07-10 00:00:00,61.0,1.16,0
442872,2020-07-10 00:00:00,59.0,1.16,0
442873,2020-07-10 01:00:00,59.0,1.24,1
442874,2020-07-10 02:00:00,59.0,1.0,2
442874,2020-07-10 02:00:00,57.0,1.0,2
442875,2020-07-10 03:00:00,57.0,0.92,3
442875,2020-07-10 03:00:00,55.0,0.92,3
442876,2020-07-10 04:00:00,55.0,0.76,4
442877,2020-07-10 05:00:00,55.0,1.08,5
442880,2020-07-10 08:00:00,63.0,0.76,8
442881,2020-07-10 09:00:00,64.0,1.28,9
442882,2020-07-10 10:00:00,68.0,1.0,10
442883,2020-07-10 11:00:00,72.0,1.04,11
442884,2020-07-10 12:00:00,73.0,1.2,12
442885,2020-07-10 13:00:00,81.0,1.48,13
442886,2020-07-10 14:00:00,82.0,1.48,14
442887,2020-07-10 15:00:00,82.0,2.08,15
442888,2020-07-10 16:00:00,81.0,2.16,16
442889,2020-07-10 17:00:00,77.0,2.48,17
442890,2020-07-10 18:00:00,77.0,2.52,18
442891,2020-07-10 19:00:00,68.0,2.2,19
442892,2020-07-10 20:00:00,66.0,2.32,20
442892,2020-07-10 20:00:00,64.0,2.32,20
442893,2020-07-10 21:00:00,64.0,1.68,21
442894,2020-07-10 22:00:00,63.0,1.76,22
442895,2020-07-10 23:00:00,63.0,1.64,23
442895,2020-07-10 23:00:00,61.0,1.64,23
442895,2020-07-10 23:00:00,59.0,1.64,23
442896,2020-07-11 00:00:00,59.0,1.36,0
442898,2020-07-11 02:00:00,59.0,1.12,2
442898,2020-07-11 02:00:00,57.0,1.12,2
442899,2020-07-11 03:00:00,57.0,1.12,3
442900,2020-07-11 04:00:00,57.0,0.92,4
442901,2020-07-11 05:00:00,57.0,1.08,5
442901,2020-07-11 05:00:00,59.0,1.08,5
442902,2020-07-11 06:00:00,59.0,0.8,6
442902,2020-07-11 06:00:00,63.0,0.8,6
442903,2020-07-11 07:00:00,64.0,0.68,7
442904,2020-07-11 08:00:00,68.0,0.92,8
442905,2020-07-11 09:00:00,70.0,0.96,9
442906,2020-07-11 10:00:00,75.0,1.36,10
442907,2020-07-11 11:00:00,79.0,2.08,11
442908,2020-07-11 12:00:00,79.0,2.92,12
442909,2020-07-11 13:00:00,86.0,2.4,13
442910,2020-07-11 14:00:00,84.0,2.04,14
442912,2020-07-11 16:00:00,82.0,2.2,16
442913,2020-07-11 17:00:00,79.0,2.16,17
442914,2020-07-11 18:00:00,75.0,2.36,18
442915,2020-07-11 19:00:00,73.0,2.24,19
442916,2020-07-11 20:00:00,73.0,2.24,20
442916,2020-07-11 20:00:00,72.0,2.24,20
442916,2020-07-11 20:00:00,70.0,2.24,20
442917,2020-07-11 21:00:00,68.0,1.56,21
442917,2020-07-11 21:00:00,66.0,1.56,21
442917,2020-07-11 21:00:00,64.0,1.56,21
442918,2020-07-11 22:00:00,64.0,1.6,22
442918,2020-07-11 22:00:00,63.0,1.6,22
442919,2020-07-11 23:00:00,63.0,1.2,23
442920,2020-07-12 00:00:00,63.0,0.96,0
442920,2020-07-12 00:00:00,61.0,0.96,0
442920,2020-07-12 00:00:00,59.0,0.96,0
442921,2020-07-12 01:00:00,59.0,0.8,1
442921,2020-07-12 01:00:00,61.0,0.8,1
442922,2020-07-12 02:00:00,59.0,0.8,2
442923,2020-07-12 03:00:00,59.0,0.76,3
442924,2020-07-12 04:00:00,59.0,0.76,4
442925,2020-07-12 05:00:00,59.0,0.88,5
442925,2020-07-12 05:00:00,57.0,0.88,5
442926,2020-07-12 06:00:00,59.0,0.88,6
442926,2020-07-12 06:00:00,63.0,0.88,6
442927,2020-07-12 07:00:00,64.0,0.6,7
442928,2020-07-12 08:00:00,66.0,1.08,8
442929,2020-07-12 09:00:00,68.0,1.08,9
442930,2020-07-12 10:00:00,72.0,0.84,10
442931,2020-07-12 11:00:00,77.0,2.2,11
442932,2020-07-12 12:00:00,81.0,3.0,12
442933,2020-07-12 13:00:00,81.0,1.64,13
442934,2020-07-12 14:00:00,86.0,2.32,14
442935,2020-07-12 15:00:00,82.0,2.64,15
442937,2020-07-12 17:00:00,73.0,2.36,17
442938,2020-07-12 18:00:00,68.0,2.32,18
442939,2020-07-12 19:00:00,66.0,2.28,19
442941,2020-07-12 21:00:00,64.0,1.92,21
442941,2020-07-12 21:00:00,63.0,1.92,21
442943,2020-07-12 23:00:00,63.0,1.16,23
442943,2020-07-12 23:00:00,64.0,1.16,23
442944,2020-07-13 00:00:00,63.0,1.0,0
442944,2020-07-13 00:00:00,64.0,1.0,0
442945,2020-07-13 01:00:00,63.0,0.96,1
442946,2020-07-13 02:00:00,61.0,0.88,2
442946,2020-07-13 02:00:00,59.0,0.88,2
442947,2020-07-13 03:00:00,61.0,0.8,3
442948,2020-07-13 04:00:00,61.0,0.8,4
442948,2020-07-13 04:00:00,59.0,0.8,4
442949,2020-07-13 05:00:00,59.0,0.84,5
442949,2020-07-13 05:00:00,61.0,0.84,5
442950,2020-07-13 06:00:00,64.0,0.28,6
442951,2020-07-13 07:00:00,66.0,0.68,7
442952,2020-07-13 08:00:00,66.0,1.2,8
442953,2020-07-13 09:00:00,68.0,1.24,9
442954,2020-07-13 10:00:00,72.0,1.28,10
442956,2020-07-13 12:00:00,73.0,1.4,12
442957,2020-07-13 13:00:00,73.0,1.28,13
442958,2020-07-13 14:00:00,75.0,1.8,14
442959,2020-07-13 15:00:00,73.0,2.04,15
442960,2020-07-13 16:00:00,70.0,2.12,16
442961,2020-07-13 17:00:00,66.0,2.16,17
442962,2020-07-13 18:00:00,63.0,2.16,18
442964,2020-07-13 20:00:00,63.0,2.0,20
442964,2020-07-13 20:00:00,61.0,2.0,20
442965,2020-07-13 21:00:00,61.0,1.6,21
442965,2020-07-13 21:00:00,59.0,1.6,21
442966,2020-07-13 22:00:00,59.0,1.08,22
442968,2020-07-14 00:00:00,59.0,0.84,0
442969,2020-07-14 01:00:00,57.0,0.8,1
442970,2020-07-14 02:00:00,57.0,0.68,2
442971,2020-07-14 03:00:00,57.0,0.76,3
442972,2020-07-14 04:00:00,57.0,0.6,4
442973,2020-07-14 05:00:00,57.0,0.8,5
442973,2020-07-14 05:00:00,55.0,0.8,5
442974,2020-07-14 06:00:00,57.0,0.28,6
442974,2020-07-14 06:00:00,59.0,0.28,6
442976,2020-07-14 08:00:00,64.0,1.04,8
442977,2020-07-14 09:00:00,66.0,1.0,9
442978,2020-07-14 10:00:00,66.0,1.28,10
442979,2020-07-14 11:00:00,72.0,1.6,11
442980,2020-07-14 12:00:00,72.0,1.88,12
442982,2020-07-14 14:00:00,72.0,2.12,14
442983,2020-07-14 15:00:00,72.0,2.12,15
442985,2020-07-14 17:00:00,66.0,2.36,17
442986,2020-07-14 18:00:00,66.0,2.28,18
442987,2020-07-14 19:00:00,64.0,2.24,19
442988,2020-07-14 20:00:00,63.0,2.28,20
442990,2020-07-14 22:00:00,63.0,1.32,22
442991,2020-07-14 23:00:00,63.0,1.08,23
442991,2020-07-14 23:00:00,61.0,1.08,23
442992,2020-07-15 00:00:00,61.0,1.0,0
442993,2020-07-15 01:00:00,61.0,0.96,1
442993,2020-07-15 01:00:00,59.0,0.96,1
442994,2020-07-15 02:00:00,59.0,0.84,2
442995,2020-07-15 03:00:00,59.0,0.8,3
442997,2020-07-15 05:00:00,61.0,0.88,5
442998,2020-07-15 06:00:00,61.0,0.24,6
442999,2020-07-15 07:00:00,63.0,0.92,7
443000,2020-07-15 08:00:00,64.0,1.16,8
443001,2020-07-15 09:00:00,64.0,1.44,9
443002,2020-07-15 10:00:00,66.0,1.24,10
443003,2020-07-15 11:00:00,72.0,2.76,11
443004,2020-07-15 12:00:00,72.0,2.32,12
443005,2020-07-15 13:00:00,73.0,2.24,13
443006,2020-07-15 14:00:00,73.0,2.28,14
443007,2020-07-15 15:00:00,73.0,2.32,15
443009,2020-07-15 17:00:00,68.0,2.4,17
443010,2020-07-15 18:00:00,64.0,2.32,18
443011,2020-07-15 19:00:00,63.0,2.24,19
443013,2020-07-15 21:00:00,63.0,1.4,21
443013,2020-07-15 21:00:00,61.0,1.4,21
443014,2020-07-15 22:00:00,61.0,1.08,22
443014,2020-07-15 22:00:00,63.0,1.08,22
443015,2020-07-15 23:00:00,61.0,0.88,23
443015,2020-07-15 23:00:00,59.0,0.88,23
443016,2020-07-16 00:00:00,59.0,0.92,0
443017,2020-07-16 01:00:00,61.0,0.76,1
443020,2020-07-16 04:00:00,59.0,0.68,4
443023,2020-07-16 07:00:00,63.0,0.6,7
443024,2020-07-16 08:00:00,64.0,0.68,8
443025,2020-07-16 09:00:00,68.0,0.92,9
443026,2020-07-16 10:00:00,66.0,0.96,10
443027,2020-07-16 11:00:00,66.0,1.48,11
443028,2020-07-16 12:00:00,70.0,1.64,12
443029,2020-07-16 13:00:00,75.0,1.36,13
443030,2020-07-16 14:00:00,73.0,2.36,14
443031,2020-07-16 15:00:00,73.0,2.56,15
443032,2020-07-16 16:00:00,73.0,2.76,16
443033,2020-07-16 17:00:00,72.0,2.32,17
443037,2020-07-16 21:00:00,63.0,1.52,21
443039,2020-07-16 23:00:00,61.0,1.04,23
443039,2020-07-16 23:00:00,63.0,1.04,23
443040,2020-07-17 00:00:00,61.0,1.04,0
443040,2020-07-17 00:00:00,59.0,1.04,0
443041,2020-07-17 01:00:00,63.0,0.92,1
443042,2020-07-17 02:00:00,63.0,0.88,2
443043,2020-07-17 03:00:00,63.0,0.8,3
443044,2020-07-17 04:00:00,61.0,0.88,4
443045,2020-07-17 05:00:00,61.0,1.0,5
443046,2020-07-17 06:00:00,61.0,0.32,6
443047,2020-07-17 07:00:00,64.0,1.0,7
443049,2020-07-17 09:00:00,66.0,0.84,9
443050,2020-07-17 10:00:00,68.0,1.08,10
443051,2020-07-17 11:00:00,72.0,1.4,11
443052,2020-07-17 12:00:00,72.0,1.72,12
443053,2020-07-17 13:00:00,75.0,2.08,13
443054,2020-07-17 14:00:00,75.0,2.12,14
443055,2020-07-17 15:00:00,75.0,2.16,15
443056,2020-07-17 16:00:00,75.0,2.44,16
443060,2020-07-17 20:00:00,64.0,2.12,20
443061,2020-07-17 21:00:00,63.0,1.44,21
443067,2020-07-18 03:00:00,61.0,0.76,3
443068,2020-07-18 04:00:00,61.0,0.68,4
443068,2020-07-18 04:00:00,63.0,0.68,4
443069,2020-07-18 05:00:00,63.0,0.88,5
443070,2020-07-18 06:00:00,63.0,0.28,6
443071,2020-07-18 07:00:00,63.0,0.48,7
443072,2020-07-18 08:00:00,64.0,0.64,8
443073,2020-07-18 09:00:00,66.0,0.8,9
443075,2020-07-18 11:00:00,72.0,1.44,11
443076,2020-07-18 12:00:00,73.0,1.28,12
443077,2020-07-18 13:00:00,75.0,1.16,13
443078,2020-07-18 14:00:00,75.0,1.36,14
443079,2020-07-18 15:00:00,75.0,1.8,15
443080,2020-07-18 16:00:00,75.0,2.24,16
443081,2020-07-18 17:00:00,73.0,2.16,17
443082,2020-07-18 18:00:00,70.0,2.24,18
443083,2020-07-18 19:00:00,64.0,2.2,19
443084,2020-07-18 20:00:00,64.0,2.2,20
443086,2020-07-18 22:00:00,63.0,1.24,22
443087,2020-07-18 23:00:00,63.0,0.96,23
443087,2020-07-18 23:00:00,61.0,0.96,23
443088,2020-07-19 00:00:00,61.0,0.84,0
443089,2020-07-19 01:00:00,59.0,0.72,1
443091,2020-07-19 03:00:00,59.0,0.68,3
443091,2020-07-19 03:00:00,61.0,0.68,3
443092,2020-07-19 04:00:00,61.0,0.72,4
443093,2020-07-19 05:00:00,61.0,0.8,5
443093,2020-07-19 05:00:00,59.0,0.8,5
443094,2020-07-19 06:00:00,59.0,0.32,6
443095,2020-07-19 07:00:00,63.0,0.76,7
443096,2020-07-19 08:00:00,64.0,0.92,8
443097,2020-07-19 09:00:00,68.0,1.12,9
443098,2020-07-19 10:00:00,66.0,1.72,10
443099,2020-07-19 11:00:00,66.0,2.28,11
443100,2020-07-19 12:00:00,66.0,3.24,12
443101,2020-07-19 13:00:00,73.0,3.12,13
443102,2020-07-19 14:00:00,73.0,2.76,14
443103,2020-07-19 15:00:00,73.0,1.84,15
443105,2020-07-19 17:00:00,68.0,2.8,17
443106,2020-07-19 18:00:00,66.0,2.24,18
443108,2020-07-19 20:00:00,63.0,2.2,20
443109,2020-07-19 21:00:00,63.0,1.6,21
443110,2020-07-19 22:00:00,63.0,1.16,22
443110,2020-07-19 22:00:00,61.0,1.16,22
443110,2020-07-19 22:00:00,59.0,1.16,22
443111,2020-07-19 23:00:00,61.0,1.0,23
443112,2020-07-20 00:00:00,61.0,0.88,0
443114,2020-07-20 02:00:00,61.0,0.76,2
443118,2020-07-20 06:00:00,59.0,0.36,6
443118,2020-07-20 06:00:00,63.0,0.36,6
443121,2020-07-20 09:00:00,66.0,0.92,9
443122,2020-07-20 10:00:00,64.0,1.44,10
443123,2020-07-20 11:00:00,66.0,1.96,11
443124,2020-07-20 12:00:00,72.0,1.76,12
443125,2020-07-20 13:00:00,73.0,3.04,13
443126,2020-07-20 14:00:00,72.0,3.68,14
443127,2020-07-20 15:00:00,72.0,2.28,15
443128,2020-07-20 16:00:00,72.0,2.08,16
443129,2020-07-20 17:00:00,68.0,2.32,17
443130,2020-07-20 18:00:00,66.0,2.16,18
443131,2020-07-20 19:00:00,64.0,2.12,19
443133,2020-07-20 21:00:00,59.0,1.32,21
443134,2020-07-20 22:00:00,59.0,1.0,22
443136,2020-07-21 00:00:00,57.0,0.72,0
443136,2020-07-21 00:00:00,59.0,0.72,0
443139,2020-07-21 03:00:00,59.0,1.0,3
443140,2020-07-21 04:00:00,59.0,0.92,4
443142,2020-07-21 06:00:00,61.0,0.56,6
443144,2020-07-21 08:00:00,64.0,0.84,8
443145,2020-07-21 09:00:00,68.0,1.0,9
443147,2020-07-21 11:00:00,66.0,1.24,11
443148,2020-07-21 12:00:00,68.0,1.16,12
443149,2020-07-21 13:00:00,72.0,1.64,13
443150,2020-07-21 14:00:00,68.0,1.68,14
443151,2020-07-21 15:00:00,73.0,1.96,15
443152,2020-07-21 16:00:00,73.0,2.4,16
443153,2020-07-21 17:00:00,66.0,2.96,17
443154,2020-07-21 18:00:00,64.0,2.6,18
443155,2020-07-21 19:00:00,59.0,2.92,19
443156,2020-07-21 20:00:00,59.0,2.32,20
443157,2020-07-21 21:00:00,59.0,2.12,21
443158,2020-07-21 22:00:00,59.0,1.52,22
443159,2020-07-21 23:00:00,59.0,1.32,23
443161,2020-07-22 01:00:00,61.0,1.12,1
443161,2020-07-22 01:00:00,59.0,1.12,1
443162,2020-07-22 02:00:00,59.0,1.04,2
443163,2020-07-22 03:00:00,59.0,0.96,3
443165,2020-07-22 05:00:00,57.0,1.04,5
443166,2020-07-22 06:00:00,61.0,1.16,6
443167,2020-07-22 07:00:00,64.0,1.08,7
443168,2020-07-22 08:00:00,64.0,1.08,8
443169,2020-07-22 09:00:00,66.0,1.24,9
443171,2020-07-22 11:00:00,68.0,1.68,11
443172,2020-07-22 12:00:00,70.0,1.96,12
443173,2020-07-22 13:00:00,73.0,1.88,13
443174,2020-07-22 14:00:00,73.0,1.96,14
443175,2020-07-22 15:00:00,72.0,2.0,15
443176,2020-07-22 16:00:00,70.0,2.32,16
443178,2020-07-22 18:00:00,64.0,2.24,18
443180,2020-07-22 20:00:00,61.0,2.4,20
443181,2020-07-22 21:00:00,61.0,2.0,21
443181,2020-07-22 21:00:00,59.0,2.0,21
443182,2020-07-22 22:00:00,59.0,1.36,22
443183,2020-07-22 23:00:00,61.0,1.24,23
443184,2020-07-23 00:00:00,63.0,1.16,0
443185,2020-07-23 01:00:00,61.0,1.08,1
443185,2020-07-23 01:00:00,59.0,1.08,1
443187,2020-07-23 03:00:00,59.0,1.12,3
443188,2020-07-23 04:00:00,59.0,1.08,4
443189,2020-07-23 05:00:00,59.0,1.16,5
443190,2020-07-23 06:00:00,59.0,1.08,6
443191,2020-07-23 07:00:00,63.0,1.28,7
443192,2020-07-23 08:00:00,64.0,1.28,8
443193,2020-07-23 09:00:00,66.0,1.2,9
443194,2020-07-23 10:00:00,68.0,2.72,10
443195,2020-07-23 11:00:00,70.0,3.16,11
443196,2020-07-23 12:00:00,70.0,1.6,12
443199,2020-07-23 15:00:00,73.0,2.24,15
443200,2020-07-23 16:00:00,72.0,2.28,16
443201,2020-07-23 17:00:00,72.0,2.92,17
443203,2020-07-23 19:00:00,64.0,2.44,19
443204,2020-07-23 20:00:00,63.0,2.56,20
443205,2020-07-23 21:00:00,61.0,2.08,21
443205,2020-07-23 21:00:00,63.0,2.08,21
443206,2020-07-23 22:00:00,61.0,1.8,22
443206,2020-07-23 22:00:00,59.0,1.8,22
443207,2020-07-23 23:00:00,61.0,1.36,23
443208,2020-07-24 00:00:00,61.0,1.44,0
443210,2020-07-24 02:00:00,61.0,1.0,2
443211,2020-07-24 03:00:00,59.0,1.08,3
443214,2020-07-24 06:00:00,59.0,1.04,6
443214,2020-07-24 06:00:00,61.0,1.04,6
443215,2020-07-24 07:00:00,64.0,1.36,7
443217,2020-07-24 09:00:00,66.0,1.48,9
443218,2020-07-24 10:00:00,72.0,1.72,10
443220,2020-07-24 12:00:00,72.0,1.52,12
443221,2020-07-24 13:00:00,75.0,1.52,13
443222,2020-07-24 14:00:00,72.0,1.72,14
443224,2020-07-24 16:00:00,66.0,2.4,16
443225,2020-07-24 17:00:00,64.0,2.8,17
443226,2020-07-24 18:00:00,63.0,2.28,18
443227,2020-07-24 19:00:00,59.0,2.32,19
443228,2020-07-24 20:00:00,59.0,2.08,20
443229,2020-07-24 21:00:00,59.0,1.64,21
443230,2020-07-24 22:00:00,59.0,1.28,22
443231,2020-07-24 23:00:00,59.0,1.04,23
443231,2020-07-24 23:00:00,57.0,1.04,23
443232,2020-07-25 00:00:00,57.0,1.04,0
443234,2020-07-25 02:00:00,57.0,0.88,2
443236,2020-07-25 04:00:00,57.0,0.8,4
443238,2020-07-25 06:00:00,61.0,0.8,6
443242,2020-07-25 10:00:00,70.0,1.24,10
443243,2020-07-25 11:00:00,73.0,1.04,11
443244,2020-07-25 12:00:00,73.0,1.16,12
443245,2020-07-25 13:00:00,73.0,1.2,13
443246,2020-07-25 14:00:00,73.0,1.6,14
443247,2020-07-25 15:00:00,73.0,2.96,15
443248,2020-07-25 16:00:00,73.0,2.72,16
443249,2020-07-25 17:00:00,70.0,2.28,17
443250,2020-07-25 18:00:00,66.0,2.32,18
443252,2020-07-25 20:00:00,64.0,2.16,20
443252,2020-07-25 20:00:00,63.0,2.16,20
443253,2020-07-25 21:00:00,63.0,2.12,21
443253,2020-07-25 21:00:00,61.0,2.12,21
443254,2020-07-25 22:00:00,61.0,1.48,22
443254,2020-07-25 22:00:00,59.0,1.48,22
443255,2020-07-25 23:00:00,59.0,1.28,23
443255,2020-07-25 23:00:00,61.0,1.28,23
443256,2020-07-26 00:00:00,61.0,1.12,0
443257,2020-07-26 01:00:00,63.0,1.08,1
443258,2020-07-26 02:00:00,63.0,0.92,2
443259,2020-07-26 03:00:00,63.0,1.04,3
443260,2020-07-26 04:00:00,61.0,0.92,4
443261,2020-07-26 05:00:00,59.0,1.0,5
443262,2020-07-26 06:00:00,61.0,0.96,6
443263,2020-07-26 07:00:00,63.0,1.08,7
443264,2020-07-26 08:00:00,64.0,1.0,8
443266,2020-07-26 10:00:00,66.0,1.36,10
443267,2020-07-26 11:00:00,68.0,1.6,11
443269,2020-07-26 13:00:00,73.0,1.44,13
443270,2020-07-26 14:00:00,77.0,2.08,14
443271,2020-07-26 15:00:00,75.0,3.4,15
443272,2020-07-26 16:00:00,77.0,2.48,16
443273,2020-07-26 17:00:00,72.0,2.12,17
443274,2020-07-26 18:00:00,68.0,2.2,18
443276,2020-07-26 20:00:00,64.0,2.04,20
443276,2020-07-26 20:00:00,63.0,2.04,20
443278,2020-07-26 22:00:00,63.0,1.28,22
443278,2020-07-26 22:00:00,61.0,1.28,22
443279,2020-07-26 23:00:00,59.0,1.12,23
443280,2020-07-27 00:00:00,59.0,1.08,0
443281,2020-07-27 01:00:00,59.0,1.0,1
443282,2020-07-27 02:00:00,59.0,0.96,2
443283,2020-07-27 03:00:00,59.0,0.88,3
443284,2020-07-27 04:00:00,59.0,0.88,4
443286,2020-07-27 06:00:00,61.0,0.88,6
443287,2020-07-27 07:00:00,63.0,1.24,7
443288,2020-07-27 08:00:00,63.0,1.28,8
443289,2020-07-27 09:00:00,66.0,1.28,9
443291,2020-07-27 11:00:00,70.0,1.44,11
443292,2020-07-27 12:00:00,72.0,2.72,12
443293,2020-07-27 13:00:00,73.0,1.68,13
443297,2020-07-27 17:00:00,68.0,3.0,17
443298,2020-07-27 18:00:00,66.0,2.6,18
443299,2020-07-27 19:00:00,63.0,2.8,19
443300,2020-07-27 20:00:00,61.0,2.16,20
443301,2020-07-27 21:00:00,61.0,1.84,21
443301,2020-07-27 21:00:00,63.0,1.84,21
443302,2020-07-27 22:00:00,61.0,1.44,22
443303,2020-07-27 23:00:00,61.0,1.32,23
443305,2020-07-28 01:00:00,59.0,1.16,1
443309,2020-07-28 05:00:00,61.0,1.08,5
443311,2020-07-28 07:00:00,63.0,1.2,7
443312,2020-07-28 08:00:00,64.0,1.2,8
443313,2020-07-28 09:00:00,64.0,1.24,9
443314,2020-07-28 10:00:00,64.0,1.4,10
443315,2020-07-28 11:00:00,66.0,2.32,11
443316,2020-07-28 12:00:00,68.0,2.36,12
443317,2020-07-28 13:00:00,72.0,1.68,13
443318,2020-07-28 14:00:00,72.0,1.6,14
443319,2020-07-28 15:00:00,72.0,1.88,15
443320,2020-07-28 16:00:00,73.0,2.2,16
443321,2020-07-28 17:00:00,70.0,2.24,17
443322,2020-07-28 18:00:00,66.0,2.48,18
443324,2020-07-28 20:00:00,63.0,2.24,20
443325,2020-07-28 21:00:00,63.0,1.76,21
443325,2020-07-28 21:00:00,61.0,1.76,21
443325,2020-07-28 21:00:00,59.0,1.76,21
443326,2020-07-28 22:00:00,59.0,1.44,22
443328,2020-07-29 00:00:00,59.0,1.0,0
443330,2020-07-29 02:00:00,59.0,0.92,2
443335,2020-07-29 07:00:00,61.0,0.92,7
443336,2020-07-29 08:00:00,63.0,1.0,8
443337,2020-07-29 09:00:00,64.0,1.04,9
443338,2020-07-29 10:00:00,64.0,1.16,10
443339,2020-07-29 11:00:00,64.0,1.56,11
443340,2020-07-29 12:00:00,70.0,1.76,12
443341,2020-07-29 13:00:00,73.0,1.6,13
443342,2020-07-29 14:00:00,77.0,1.72,14
443343,2020-07-29 15:00:00,77.0,2.0,15
443344,2020-07-29 16:00:00,73.0,2.24,16
443345,2020-07-29 17:00:00,68.0,2.88,17
443346,2020-07-29 18:00:00,64.0,2.48,18
443347,2020-07-29 19:00:00,64.0,2.52,19
443348,2020-07-29 20:00:00,61.0,2.2,20
443350,2020-07-29 22:00:00,61.0,1.52,22
443351,2020-07-29 23:00:00,59.0,1.2,23
443351,2020-07-29 23:00:00,57.0,1.2,23
443357,2020-07-30 05:00:00,59.0,0.92,5
443358,2020-07-30 06:00:00,59.0,0.96,6
443359,2020-07-30 07:00:00,59.0,1.12,7
443360,2020-07-30 08:00:00,63.0,1.04,8
443361,2020-07-30 09:00:00,64.0,1.36,9
443362,2020-07-30 10:00:00,64.0,2.12,10
443363,2020-07-30 11:00:00,66.0,2.64,11
443365,2020-07-30 13:00:00,70.0,3.36,13
443366,2020-07-30 14:00:00,73.0,3.72,14
443367,2020-07-30 15:00:00,75.0,3.88,15
443368,2020-07-30 16:00:00,72.0,2.24,16
443369,2020-07-30 17:00:00,68.0,2.16,17
443370,2020-07-30 18:00:00,64.0,2.12,18
443372,2020-07-30 20:00:00,61.0,2.04,20
443372,2020-07-30 20:00:00,59.0,2.04,20
443375,2020-07-30 23:00:00,59.0,1.08,23
443375,2020-07-30 23:00:00,57.0,1.08,23
443376,2020-07-31 00:00:00,57.0,0.92,0
443378,2020-07-31 02:00:00,57.0,0.84,2
443380,2020-07-31 04:00:00,57.0,0.84,4
443380,2020-07-31 04:00:00,59.0,0.84,4
443382,2020-07-31 06:00:00,57.0,1.16,6
443383,2020-07-31 07:00:00,59.0,1.04,7
443384,2020-07-31 08:00:00,63.0,1.08,8
443385,2020-07-31 09:00:00,64.0,1.08,9
443387,2020-07-31 11:00:00,64.0,1.2,11
443388,2020-07-31 12:00:00,68.0,1.2,12
443389,2020-07-31 13:00:00,73.0,1.32,13
443390,2020-07-31 14:00:00,77.0,1.56,14
443391,2020-07-31 15:00:00,77.0,1.72,15
443392,2020-07-31 16:00:00,72.0,2.16,16
443393,2020-07-31 17:00:00,70.0,2.52,17
443394,2020-07-31 18:00:00,66.0,2.2,18
443395,2020-07-31 19:00:00,64.0,2.16,19
443396,2020-07-31 20:00:00,63.0,1.84,20
443400,2020-08-01 00:00:00,59.0,0.8,0
443401,2020-08-01 01:00:00,59.0,0.88,1
443402,2020-08-01 02:00:00,59.0,0.72,2
443403,2020-08-01 03:00:00,59.0,0.84,3
443403,2020-08-01 03:00:00,57.0,0.84,3
443405,2020-08-01 05:00:00,57.0,0.84,5
443406,2020-08-01 06:00:00,57.0,0.68,6
443406,2020-08-01 06:00:00,61.0,0.68,6
443407,2020-08-01 07:00:00,63.0,0.8,7
443408,2020-08-01 08:00:00,64.0,0.88,8
443409,2020-08-01 09:00:00,66.0,0.96,9
443410,2020-08-01 10:00:00,66.0,1.04,10
443411,2020-08-01 11:00:00,72.0,1.36,11
443412,2020-08-01 12:00:00,73.0,1.44,12
443413,2020-08-01 13:00:00,75.0,1.6,13
443415,2020-08-01 15:00:00,75.0,2.0,15
443416,2020-08-01 16:00:00,73.0,2.12,16
443417,2020-08-01 17:00:00,72.0,2.24,17
443419,2020-08-01 19:00:00,63.0,2.16,19
443420,2020-08-01 20:00:00,63.0,1.76,20
443421,2020-08-01 21:00:00,63.0,1.68,21
443422,2020-08-01 22:00:00,63.0,1.48,22
443423,2020-08-01 23:00:00,63.0,1.56,23
443423,2020-08-01 23:00:00,61.0,1.56,23
443425,2020-08-02 01:00:00,59.0,0.84,1
443430,2020-08-02 06:00:00,61.0,0.76,6
443431,2020-08-02 07:00:00,64.0,0.88,7
443432,2020-08-02 08:00:00,64.0,0.96,8
443433,2020-08-02 09:00:00,64.0,0.92,9
443434,2020-08-02 10:00:00,66.0,1.2,10
443435,2020-08-02 11:00:00,66.0,0.96,11
443436,2020-08-02 12:00:00,72.0,1.04,12
443437,2020-08-02 13:00:00,77.0,1.28,13
443438,2020-08-02 14:00:00,77.0,1.44,14
443439,2020-08-02 15:00:00,75.0,1.56,15
443441,2020-08-02 17:00:00,68.0,2.2,17
443442,2020-08-02 18:00:00,66.0,2.52,18
443443,2020-08-02 19:00:00,66.0,2.36,19
443444,2020-08-02 20:00:00,66.0,1.96,20
443444,2020-08-02 20:00:00,64.0,1.96,20
443445,2020-08-02 21:00:00,66.0,1.76,21
443445,2020-08-02 21:00:00,64.0,1.76,21
443446,2020-08-02 22:00:00,64.0,1.36,22
443447,2020-08-02 23:00:00,64.0,1.12,23
443448,2020-08-03 00:00:00,64.0,0.92,0
443449,2020-08-03 01:00:00,63.0,0.88,1
443450,2020-08-03 02:00:00,63.0,0.84,2
443451,2020-08-03 03:00:00,63.0,0.76,3
443452,2020-08-03 04:00:00,61.0,0.76,4
443453,2020-08-03 05:00:00,63.0,1.08,5
443457,2020-08-03 09:00:00,72.0,1.08,9
443458,2020-08-03 10:00:00,73.0,1.48,10
443459,2020-08-03 11:00:00,75.0,3.12,11
443460,2020-08-03 12:00:00,82.0,1.76,12
443462,2020-08-03 14:00:00,79.0,1.84,14
443465,2020-08-03 17:00:00,68.0,2.08,17
443472,2020-08-04 00:00:00,61.0,0.92,0
443478,2020-08-04 06:00:00,63.0,0.92,6
443482,2020-08-04 10:00:00,72.0,1.24,10
443483,2020-08-04 11:00:00,70.0,1.4,11
443485,2020-08-04 13:00:00,68.0,2.72,13
443486,2020-08-04 14:00:00,66.0,2.24,14
443487,2020-08-04 15:00:00,66.0,1.84,15
443488,2020-08-04 16:00:00,64.0,2.28,16
443489,2020-08-04 17:00:00,63.0,2.6,17
443490,2020-08-04 18:00:00,63.0,2.32,18
443491,2020-08-04 19:00:00,61.0,1.92,19
443492,2020-08-04 20:00:00,61.0,1.64,20
443493,2020-08-04 21:00:00,61.0,1.44,21
443493,2020-08-04 21:00:00,59.0,1.44,21
443494,2020-08-04 22:00:00,59.0,1.12,22
443497,2020-08-05 01:00:00,59.0,0.64,1
443498,2020-08-05 02:00:00,59.0,0.64,2
443500,2020-08-05 04:00:00,59.0,0.6,4
443501,2020-08-05 05:00:00,59.0,0.72,5
443502,2020-08-05 06:00:00,59.0,0.44,6
443503,2020-08-05 07:00:00,59.0,0.44,7
443504,2020-08-05 08:00:00,59.0,0.36,8
443505,2020-08-05 09:00:00,61.0,0.76,9
443505,2020-08-05 09:00:00,63.0,0.76,9
443506,2020-08-05 10:00:00,64.0,0.92,10
443507,2020-08-05 11:00:00,64.0,0.92,11
443508,2020-08-05 12:00:00,64.0,1.2,12
443509,2020-08-05 13:00:00,64.0,1.0,13
443510,2020-08-05 14:00:00,64.0,1.28,14
443512,2020-08-05 16:00:00,64.0,1.12,16
443513,2020-08-05 17:00:00,63.0,1.12,17
443514,2020-08-05 18:00:00,63.0,1.28,18
443515,2020-08-05 19:00:00,63.0,0.76,19
443516,2020-08-05 20:00:00,63.0,0.68,20
443517,2020-08-05 21:00:00,63.0,0.72,21
443517,2020-08-05 21:00:00,61.0,0.72,21
443519,2020-08-05 23:00:00,59.0,0.44,23
443520,2020-08-06 00:00:00,59.0,0.32,0
443521,2020-08-06 01:00:00,59.0,0.4,1
443522,2020-08-06 02:00:00,59.0,0.32,2
443523,2020-08-06 03:00:00,59.0,0.4,3
443525,2020-08-06 05:00:00,59.0,0.32,5
443526,2020-08-06 06:00:00,59.0,0.48,6
443527,2020-08-06 07:00:00,64.0,0.52,7
443528,2020-08-06 08:00:00,66.0,0.52,8
443529,2020-08-06 09:00:00,66.0,0.56,9
443530,2020-08-06 10:00:00,70.0,0.64,10
443531,2020-08-06 11:00:00,70.0,0.84,11
443532,2020-08-06 12:00:00,73.0,1.0,12
443533,2020-08-06 13:00:00,77.0,1.12,13
443534,2020-08-06 14:00:00,75.0,1.28,14
443535,2020-08-06 15:00:00,73.0,1.4,15
443536,2020-08-06 16:00:00,73.0,1.56,16
443537,2020-08-06 17:00:00,68.0,1.48,17
443539,2020-08-06 19:00:00,63.0,1.64,19
443540,2020-08-06 20:00:00,63.0,1.2,20
443540,2020-08-06 20:00:00,61.0,1.2,20
443541,2020-08-06 21:00:00,59.0,1.0,21
443542,2020-08-06 22:00:00,59.0,0.92,22
443543,2020-08-06 23:00:00,59.0,0.64,23
443544,2020-08-07 00:00:00,59.0,0.52,0
443545,2020-08-07 01:00:00,59.0,0.44,1
443546,2020-08-07 02:00:00,59.0,0.44,2
443547,2020-08-07 03:00:00,59.0,0.44,3
443547,2020-08-07 03:00:00,57.0,0.44,3
443548,2020-08-07 04:00:00,57.0,0.4,4
443548,2020-08-07 04:00:00,59.0,0.4,4
443549,2020-08-07 05:00:00,57.0,0.56,5
443550,2020-08-07 06:00:00,57.0,0.48,6
443554,2020-08-07 10:00:00,72.0,0.8,10
443555,2020-08-07 11:00:00,72.0,1.12,11
443559,2020-08-07 15:00:00,75.0,1.6,15
443561,2020-08-07 17:00:00,73.0,2.24,17
443562,2020-08-07 18:00:00,68.0,2.36,18
443563,2020-08-07 19:00:00,66.0,2.16,19
443564,2020-08-07 20:00:00,66.0,1.68,20
443566,2020-08-07 22:00:00,64.0,1.48,22
443568,2020-08-08 00:00:00,63.0,1.08,0
443571,2020-08-08 03:00:00,61.0,0.88,3
443572,2020-08-08 04:00:00,63.0,0.84,4
443573,2020-08-08 05:00:00,63.0,1.12,5
443575,2020-08-08 07:00:00,64.0,1.04,7
443576,2020-08-08 08:00:00,66.0,0.88,8
443577,2020-08-08 09:00:00,70.0,1.2,9
443578,2020-08-08 10:00:00,70.0,1.4,10
443579,2020-08-08 11:00:00,75.0,1.28,11
443580,2020-08-08 12:00:00,75.0,1.2,12
443581,2020-08-08 13:00:00,73.0,1.52,13
443582,2020-08-08 14:00:00,72.0,2.04,14
443583,2020-08-08 15:00:00,73.0,2.12,15
443584,2020-08-08 16:00:00,73.0,2.32,16
443585,2020-08-08 17:00:00,72.0,2.4,17
443586,2020-08-08 18:00:00,66.0,2.4,18
443587,2020-08-08 19:00:00,66.0,2.24,19
443588,2020-08-08 20:00:00,64.0,2.0,20
443593,2020-08-09 01:00:00,63.0,1.04,1
443593,2020-08-09 01:00:00,61.0,1.04,1
443594,2020-08-09 02:00:00,63.0,0.96,2
443594,2020-08-09 02:00:00,61.0,0.96,2
443597,2020-08-09 05:00:00,61.0,0.68,5
443597,2020-08-09 05:00:00,63.0,0.68,5
443599,2020-08-09 07:00:00,64.0,0.8,7
443600,2020-08-09 08:00:00,66.0,1.32,8
443601,2020-08-09 09:00:00,68.0,1.04,9
443602,2020-08-09 10:00:00,68.0,3.28,10
443604,2020-08-09 12:00:00,77.0,2.36,12
443605,2020-08-09 13:00:00,81.0,2.12,13
443606,2020-08-09 14:00:00,79.0,2.04,14
443607,2020-08-09 15:00:00,81.0,2.04,15
443608,2020-08-09 16:00:00,77.0,2.36,16
443609,2020-08-09 17:00:00,73.0,3.56,17
443610,2020-08-09 18:00:00,68.0,2.84,18
443614,2020-08-09 22:00:00,64.0,1.52,22
443620,2020-08-10 04:00:00,63.0,0.76,4
443623,2020-08-10 07:00:00,63.0,0.96,7
443626,2020-08-10 10:00:00,68.0,1.2,10
443627,2020-08-10 11:00:00,72.0,1.2,11
443628,2020-08-10 12:00:00,75.0,1.24,12
443629,2020-08-10 13:00:00,77.0,2.6,13
443630,2020-08-10 14:00:00,79.0,3.88,14
443631,2020-08-10 15:00:00,79.0,4.12,15
443632,2020-08-10 16:00:00,75.0,2.52,16
443634,2020-08-10 18:00:00,72.0,2.36,18
443636,2020-08-10 20:00:00,66.0,2.0,20
443637,2020-08-10 21:00:00,64.0,1.64,21
443638,2020-08-10 22:00:00,64.0,1.16,22
443640,2020-08-11 00:00:00,63.0,1.04,0
443642,2020-08-11 02:00:00,61.0,0.84,2
443645,2020-08-11 05:00:00,61.0,0.92,5
443647,2020-08-11 07:00:00,63.0,1.0,7
443650,2020-08-11 10:00:00,72.0,1.12,10
443651,2020-08-11 11:00:00,68.0,1.36,11
443652,2020-08-11 12:00:00,73.0,2.6,12
443653,2020-08-11 13:00:00,75.0,2.12,13
443654,2020-08-11 14:00:00,75.0,2.04,14
443656,2020-08-11 16:00:00,75.0,2.16,16
443657,2020-08-11 17:00:00,72.0,2.28,17
443660,2020-08-11 20:00:00,64.0,1.8,20
443661,2020-08-11 21:00:00,63.0,1.56,21
443662,2020-08-11 22:00:00,64.0,1.2,22
443662,2020-08-11 22:00:00,63.0,1.2,22
443663,2020-08-11 23:00:00,63.0,1.0,23
443664,2020-08-12 00:00:00,63.0,0.88,0
443665,2020-08-12 01:00:00,63.0,0.8,1
443667,2020-08-12 03:00:00,63.0,0.72,3
443667,2020-08-12 03:00:00,61.0,0.72,3
443668,2020-08-12 04:00:00,63.0,0.72,4
443672,2020-08-12 08:00:00,66.0,0.96,8
443675,2020-08-12 11:00:00,68.0,1.24,11
443676,2020-08-12 12:00:00,72.0,1.36,12
443677,2020-08-12 13:00:00,73.0,1.48,13
443678,2020-08-12 14:00:00,75.0,1.72,14
443680,2020-08-12 16:00:00,72.0,2.48,16
443681,2020-08-12 17:00:00,73.0,2.52,17
443682,2020-08-12 18:00:00,72.0,2.28,18
443685,2020-08-12 21:00:00,63.0,1.8,21
443686,2020-08-12 22:00:00,63.0,1.4,22
443688,2020-08-13 00:00:00,63.0,0.92,0
443689,2020-08-13 01:00:00,61.0,0.92,1
443691,2020-08-13 03:00:00,59.0,0.72,3
443694,2020-08-13 06:00:00,64.0,0.8,6
443695,2020-08-13 07:00:00,66.0,0.92,7
443697,2020-08-13 09:00:00,73.0,1.12,9
443698,2020-08-13 10:00:00,75.0,1.28,10
443699,2020-08-13 11:00:00,79.0,1.4,11
443700,2020-08-13 12:00:00,86.0,1.6,12
443701,2020-08-13 13:00:00,86.0,1.76,13
443702,2020-08-13 14:00:00,93.0,2.0,14
443703,2020-08-13 15:00:00,93.0,2.28,15
443704,2020-08-13 16:00:00,93.0,2.28,16
443705,2020-08-13 17:00:00,88.0,2.28,17
443706,2020-08-13 18:00:00,84.0,2.92,18
443707,2020-08-13 19:00:00,82.0,2.88,19
443708,2020-08-13 20:00:00,75.0,2.96,20
443709,2020-08-13 21:00:00,75.0,2.52,21
443710,2020-08-13 22:00:00,73.0,2.04,22
443711,2020-08-13 23:00:00,75.0,1.64,23
443712,2020-08-14 00:00:00,73.0,1.52,0
443713,2020-08-14 01:00:00,73.0,1.44,1
443713,2020-08-14 01:00:00,72.0,1.44,1
443713,2020-08-14 01:00:00,70.0,1.44,1
443714,2020-08-14 02:00:00,70.0,1.44,2
443714,2020-08-14 02:00:00,72.0,1.44,2
443715,2020-08-14 03:00:00,70.0,1.36,3
443716,2020-08-14 04:00:00,70.0,1.32,4
443716,2020-08-14 04:00:00,68.0,1.32,4
443717,2020-08-14 05:00:00,70.0,1.64,5
443717,2020-08-14 05:00:00,72.0,1.64,5
443718,2020-08-14 06:00:00,70.0,1.84,6
443718,2020-08-14 06:00:00,72.0,1.84,6
443719,2020-08-14 07:00:00,75.0,1.96,7
443720,2020-08-14 08:00:00,75.0,1.84,8
443721,2020-08-14 09:00:00,79.0,2.12,9
443722,2020-08-14 10:00:00,82.0,2.52,10
443723,2020-08-14 11:00:00,88.0,2.6,11
443724,2020-08-14 12:00:00,95.0,2.48,12
443725,2020-08-14 13:00:00,100.0,2.52,13
443726,2020-08-14 14:00:00,100.0,2.48,14
443727,2020-08-14 15:00:00,100.0,2.56,15
443728,2020-08-14 16:00:00,100.0,2.6,16
443730,2020-08-14 18:00:00,93.0,2.2,18
443731,2020-08-14 19:00:00,91.0,2.32,19
443732,2020-08-14 20:00:00,90.0,2.28,20
443732,2020-08-14 20:00:00,88.0,2.28,20
443732,2020-08-14 20:00:00,82.0,2.28,20
443733,2020-08-14 21:00:00,81.0,2.36,21
443733,2020-08-14 21:00:00,79.0,2.36,21
443734,2020-08-14 22:00:00,77.0,2.12,22
443735,2020-08-14 23:00:00,79.0,2.12,23
443735,2020-08-14 23:00:00,77.0,2.12,23
443736,2020-08-15 00:00:00,79.0,2.08,0
443736,2020-08-15 00:00:00,77.0,2.08,0
443737,2020-08-15 01:00:00,77.0,2.08,1
443737,2020-08-15 01:00:00,75.0,2.08,1
443738,2020-08-15 02:00:00,75.0,2.12,2
443738,2020-08-15 02:00:00,73.0,2.12,2
443738,2020-08-15 02:00:00,72.0,2.12,2
443739,2020-08-15 03:00:00,72.0,2.08,3
443740,2020-08-15 04:00:00,72.0,2.0,4
443740,2020-08-15 04:00:00,70.0,2.0,4
443741,2020-08-15 05:00:00,68.0,1.96,5
443741,2020-08-15 05:00:00,70.0,1.96,5
443742,2020-08-15 06:00:00,73.0,2.12,6
443743,2020-08-15 07:00:00,73.0,1.96,7
443744,2020-08-15 08:00:00,77.0,1.96,8
443745,2020-08-15 09:00:00,81.0,2.08,9
443746,2020-08-15 10:00:00,82.0,2.44,10
443747,2020-08-15 11:00:00,86.0,2.08,11
443748,2020-08-15 12:00:00,93.0,2.04,12
443749,2020-08-15 13:00:00,93.0,2.16,13
443750,2020-08-15 14:00:00,97.0,2.28,14
443751,2020-08-15 15:00:00,95.0,2.24,15
443752,2020-08-15 16:00:00,95.0,2.16,16
443753,2020-08-15 17:00:00,90.0,2.28,17
443754,2020-08-15 18:00:00,84.0,2.68,18
443755,2020-08-15 19:00:00,84.0,2.52,19
443756,2020-08-15 20:00:00,84.0,2.44,20
443756,2020-08-15 20:00:00,77.0,2.44,20
443757,2020-08-15 21:00:00,77.0,2.44,21
443757,2020-08-15 21:00:00,79.0,2.44,21
443758,2020-08-15 22:00:00,81.0,2.28,22
443758,2020-08-15 22:00:00,77.0,2.28,22
443758,2020-08-15 22:00:00,75.0,2.28,22
443759,2020-08-15 23:00:00,75.0,2.12,23
443760,2020-08-16 00:00:00,75.0,2.28,0
443760,2020-08-16 00:00:00,73.0,2.28,0
443761,2020-08-16 01:00:00,75.0,2.12,1
443762,2020-08-16 02:00:00,75.0,2.2,2
443762,2020-08-16 02:00:00,81.0,2.2,2
443762,2020-08-16 02:00:00,82.0,2.2,2
443763,2020-08-16 03:00:00,79.0,2.12,3
443763,2020-08-16 03:00:00,75.0,2.12,3
443763,2020-08-16 03:00:00,73.0,2.12,3
443764,2020-08-16 04:00:00,75.0,2.16,4
443765,2020-08-16 05:00:00,73.0,2.2,5
443765,2020-08-16 05:00:00,75.0,2.2,5
443766,2020-08-16 06:00:00,75.0,2.2,6
443766,2020-08-16 06:00:00,73.0,2.2,6
443767,2020-08-16 07:00:00,73.0,2.2,7
443768,2020-08-16 08:00:00,73.0,2.64,8
443769,2020-08-16 09:00:00,77.0,2.2,9
443770,2020-08-16 10:00:00,82.0,2.6,10
443771,2020-08-16 11:00:00,88.0,2.56,11
443772,2020-08-16 12:00:00,95.0,2.36,12
443773,2020-08-16 13:00:00,88.0,2.36,13
443774,2020-08-16 14:00:00,86.0,2.92,14
443775,2020-08-16 15:00:00,93.0,2.6,15
443776,2020-08-16 16:00:00,90.0,2.56,16
443777,2020-08-16 17:00:00,84.0,2.92,17
443778,2020-08-16 18:00:00,81.0,2.76,18
443779,2020-08-16 19:00:00,77.0,2.48,19
443780,2020-08-16 20:00:00,75.0,2.48,20
443780,2020-08-16 20:00:00,73.0,2.48,20
443781,2020-08-16 21:00:00,72.0,2.44,21
443781,2020-08-16 21:00:00,73.0,2.44,21
443782,2020-08-16 22:00:00,73.0,2.24,22
443782,2020-08-16 22:00:00,72.0,2.24,22
443783,2020-08-16 23:00:00,72.0,2.2,23
443783,2020-08-16 23:00:00,68.0,2.2,23
443784,2020-08-17 00:00:00,68.0,2.24,0
443785,2020-08-17 01:00:00,68.0,2.24,1
443786,2020-08-17 02:00:00,68.0,2.24,2
443787,2020-08-17 03:00:00,68.0,2.16,3
443788,2020-08-17 04:00:00,68.0,2.36,4
443788,2020-08-17 04:00:00,70.0,2.36,4
443789,2020-08-17 05:00:00,70.0,2.16,5
443789,2020-08-17 05:00:00,72.0,2.16,5
443790,2020-08-17 06:00:00,72.0,2.28,6
443791,2020-08-17 07:00:00,73.0,2.16,7
443792,2020-08-17 08:00:00,75.0,2.32,8
443794,2020-08-17 10:00:00,75.0,2.28,10
443795,2020-08-17 11:00:00,82.0,2.24,11
443796,2020-08-17 12:00:00,86.0,2.24,12
443797,2020-08-17 13:00:00,88.0,3.4,13
443798,2020-08-17 14:00:00,84.0,2.32,14
443799,2020-08-17 15:00:00,82.0,2.36,15
443800,2020-08-17 16:00:00,84.0,3.84,16
443801,2020-08-17 17:00:00,77.0,2.44,17
443802,2020-08-17 18:00:00,72.0,2.48,18
443803,2020-08-17 19:00:00,68.0,2.32,19
443804,2020-08-17 20:00:00,68.0,2.28,20
443804,2020-08-17 20:00:00,72.0,2.28,20
443805,2020-08-17 21:00:00,70.0,2.4,21
443806,2020-08-17 22:00:00,70.0,2.48,22
443807,2020-08-17 23:00:00,70.0,2.28,23
443808,2020-08-18 00:00:00,70.0,2.28,0
443808,2020-08-18 00:00:00,68.0,2.28,0
443811,2020-08-18 03:00:00,68.0,2.0,3
443811,2020-08-18 03:00:00,66.0,2.0,3
443812,2020-08-18 04:00:00,68.0,2.0,4
443812,2020-08-18 04:00:00,66.0,2.0,4
443813,2020-08-18 05:00:00,66.0,1.96,5
443814,2020-08-18 06:00:00,68.0,2.0,6
443815,2020-08-18 07:00:00,72.0,1.92,7
443816,2020-08-18 08:00:00,73.0,2.24,8
443817,2020-08-18 09:00:00,75.0,2.12,9
443819,2020-08-18 11:00:00,82.0,3.72,11
443820,2020-08-18 12:00:00,86.0,2.68,12
443821,2020-08-18 13:00:00,93.0,2.56,13
443822,2020-08-18 14:00:00,90.0,4.28,14
443823,2020-08-18 15:00:00,95.0,3.4,15
443824,2020-08-18 16:00:00,93.0,4.32,16
443825,2020-08-18 17:00:00,79.0,3.4,17
443826,2020-08-18 18:00:00,73.0,2.6,18
443827,2020-08-18 19:00:00,73.0,2.56,19
443828,2020-08-18 20:00:00,70.0,2.36,20
443828,2020-08-18 20:00:00,72.0,2.36,20
443829,2020-08-18 21:00:00,72.0,2.36,21
443830,2020-08-18 22:00:00,73.0,2.36,22
443830,2020-08-18 22:00:00,72.0,2.36,22
443831,2020-08-18 23:00:00,73.0,2.2,23
443832,2020-08-19 00:00:00,70.0,2.16,0
443832,2020-08-19 00:00:00,68.0,2.16,0
443833,2020-08-19 01:00:00,68.0,2.2,1
443834,2020-08-19 02:00:00,68.0,2.08,2
443834,2020-08-19 02:00:00,66.0,2.08,2
443835,2020-08-19 03:00:00,66.0,1.96,3
443836,2020-08-19 04:00:00,66.0,1.96,4
443837,2020-08-19 05:00:00,66.0,1.88,5
443838,2020-08-19 06:00:00,66.0,1.96,6
443839,2020-08-19 07:00:00,70.0,2.2,7
443840,2020-08-19 08:00:00,72.0,2.04,8
443842,2020-08-19 10:00:00,75.0,2.16,10
443842,2020-08-19 10:00:00,82.0,2.16,10
443843,2020-08-19 11:00:00,86.0,2.16,11
443844,2020-08-19 12:00:00,86.0,2.48,12
443846,2020-08-19 14:00:00,86.0,2.4,14
443847,2020-08-19 15:00:00,93.0,2.36,15
443848,2020-08-19 16:00:00,90.0,2.4,16
443849,2020-08-19 17:00:00,82.0,2.48,17
443850,2020-08-19 18:00:00,77.0,2.48,18
443851,2020-08-19 19:00:00,73.0,2.4,19
443852,2020-08-19 20:00:00,73.0,2.32,20
443852,2020-08-19 20:00:00,75.0,2.32,20
443852,2020-08-19 20:00:00,72.0,2.32,20
443853,2020-08-19 21:00:00,66.0,2.32,21
443853,2020-08-19 21:00:00,68.0,2.32,21
443854,2020-08-19 22:00:00,68.0,2.2,22
443855,2020-08-19 23:00:00,66.0,2.16,23
443856,2020-08-20 00:00:00,66.0,2.12,0
443856,2020-08-20 00:00:00,64.0,2.12,0
443857,2020-08-20 01:00:00,64.0,1.96,1
443857,2020-08-20 01:00:00,63.0,1.96,1
443858,2020-08-20 02:00:00,63.0,2.0,2
443858,2020-08-20 02:00:00,59.0,2.0,2
443859,2020-08-20 03:00:00,59.0,1.8,3
443860,2020-08-20 04:00:00,59.0,1.64,4
443861,2020-08-20 05:00:00,59.0,1.76,5
443862,2020-08-20 06:00:00,63.0,1.68,6
443863,2020-08-20 07:00:00,64.0,1.96,7
443864,2020-08-20 08:00:00,64.0,1.64,8
443865,2020-08-20 09:00:00,68.0,1.72,9
443866,2020-08-20 10:00:00,72.0,2.0,10
443867,2020-08-20 11:00:00,77.0,2.0,11
443868,2020-08-20 12:00:00,84.0,2.08,12
443869,2020-08-20 13:00:00,82.0,2.24,13
443870,2020-08-20 14:00:00,82.0,2.32,14
443871,2020-08-20 15:00:00,82.0,2.28,15
443873,2020-08-20 17:00:00,75.0,2.48,17
443874,2020-08-20 18:00:00,70.0,2.8,18
443875,2020-08-20 19:00:00,66.0,2.6,19
443876,2020-08-20 20:00:00,66.0,2.64,20
443876,2020-08-20 20:00:00,64.0,2.64,20
443877,2020-08-20 21:00:00,64.0,2.44,21
443878,2020-08-20 22:00:00,64.0,2.32,22
443879,2020-08-20 23:00:00,64.0,2.0,23
443880,2020-08-21 00:00:00,64.0,1.92,0
443881,2020-08-21 01:00:00,64.0,1.84,1
443881,2020-08-21 01:00:00,63.0,1.84,1
443882,2020-08-21 02:00:00,63.0,1.68,2
443883,2020-08-21 03:00:00,63.0,1.48,3
443884,2020-08-21 04:00:00,63.0,1.4,4
443885,2020-08-21 05:00:00,63.0,1.76,5
443885,2020-08-21 05:00:00,61.0,1.76,5
443886,2020-08-21 06:00:00,63.0,1.52,6
443887,2020-08-21 07:00:00,64.0,1.64,7
443889,2020-08-21 09:00:00,72.0,1.96,9
443890,2020-08-21 10:00:00,73.0,1.88,10
443891,2020-08-21 11:00:00,75.0,3.96,11
443892,2020-08-21 12:00:00,79.0,3.2,12
443892,2020-08-21 12:00:00,82.0,3.2,12
443892,2020-08-21 12:00:00,84.0,3.2,12
443893,2020-08-21 13:00:00,86.0,3.84,13
443894,2020-08-21 14:00:00,84.0,2.56,14
443895,2020-08-21 15:00:00,84.0,2.72,15
443896,2020-08-21 16:00:00,81.0,4.36,16
443897,2020-08-21 17:00:00,75.0,2.8,17
443898,2020-08-21 18:00:00,73.0,2.44,18
443899,2020-08-21 19:00:00,72.0,2.4,19
443900,2020-08-21 20:00:00,72.0,2.44,20
443901,2020-08-21 21:00:00,72.0,2.4,21
443901,2020-08-21 21:00:00,68.0,2.4,21
443902,2020-08-21 22:00:00,68.0,2.28,22
443902,2020-08-21 22:00:00,66.0,2.28,22
443903,2020-08-21 23:00:00,66.0,2.2,23
443905,2020-08-22 01:00:00,64.0,1.72,1
443906,2020-08-22 02:00:00,64.0,1.72,2
443907,2020-08-22 03:00:00,64.0,1.52,3
443907,2020-08-22 03:00:00,63.0,1.52,3
443908,2020-08-22 04:00:00,63.0,1.56,4
443909,2020-08-22 05:00:00,63.0,1.48,5
443909,2020-08-22 05:00:00,61.0,1.48,5
443910,2020-08-22 06:00:00,64.0,1.52,6
443911,2020-08-22 07:00:00,66.0,1.6,7
443912,2020-08-22 08:00:00,68.0,1.16,8
443914,2020-08-22 10:00:00,75.0,1.64,10
443915,2020-08-22 11:00:00,82.0,2.4,11
443916,2020-08-22 12:00:00,79.0,1.68,12
443918,2020-08-22 14:00:00,84.0,3.68,14
443919,2020-08-22 15:00:00,84.0,2.2,15
443921,2020-08-22 17:00:00,77.0,2.12,17
443923,2020-08-22 19:00:00,73.0,2.36,19
443924,2020-08-22 20:00:00,68.0,2.36,20
443925,2020-08-22 21:00:00,66.0,2.12,21
443926,2020-08-22 22:00:00,66.0,1.68,22
443926,2020-08-22 22:00:00,64.0,1.68,22
443927,2020-08-22 23:00:00,64.0,1.48,23
443928,2020-08-23 00:00:00,64.0,1.28,0
443929,2020-08-23 01:00:00,64.0,1.2,1
443929,2020-08-23 01:00:00,63.0,1.2,1
443930,2020-08-23 02:00:00,63.0,1.2,2
443931,2020-08-23 03:00:00,63.0,1.08,3
443931,2020-08-23 03:00:00,61.0,1.08,3
443932,2020-08-23 04:00:00,63.0,1.04,4
443934,2020-08-23 06:00:00,63.0,0.64,6
443934,2020-08-23 06:00:00,64.0,0.64,6
443935,2020-08-23 07:00:00,66.0,1.04,7
443939,2020-08-23 11:00:00,75.0,2.68,11
443940,2020-08-23 12:00:00,75.0,3.56,12
443942,2020-08-23 14:00:00,73.0,3.92,14
443943,2020-08-23 15:00:00,72.0,2.6,15
443944,2020-08-23 16:00:00,75.0,2.28,16
443945,2020-08-23 17:00:00,68.0,2.92,17
443946,2020-08-23 18:00:00,70.0,3.36,18
443947,2020-08-23 19:00:00,68.0,2.36,19
443948,2020-08-23 20:00:00,70.0,2.28,20
443949,2020-08-23 21:00:00,70.0,1.56,21
443950,2020-08-23 22:00:00,68.0,1.52,22
443950,2020-08-23 22:00:00,66.0,1.52,22
443951,2020-08-23 23:00:00,66.0,1.24,23
443951,2020-08-23 23:00:00,64.0,1.24,23
443952,2020-08-24 00:00:00,64.0,1.2,0
443952,2020-08-24 00:00:00,63.0,1.2,0
443953,2020-08-24 01:00:00,64.0,1.04,1
443954,2020-08-24 02:00:00,64.0,1.0,2
443955,2020-08-24 03:00:00,64.0,0.88,3
443956,2020-08-24 04:00:00,64.0,0.92,4
443957,2020-08-24 05:00:00,64.0,1.08,5
443958,2020-08-24 06:00:00,64.0,0.48,6
443958,2020-08-24 06:00:00,66.0,0.48,6
443959,2020-08-24 07:00:00,66.0,1.08,7
443960,2020-08-24 08:00:00,68.0,1.08,8
443961,2020-08-24 09:00:00,72.0,1.8,9
443962,2020-08-24 10:00:00,75.0,1.84,10
443963,2020-08-24 11:00:00,77.0,2.36,11
443964,2020-08-24 12:00:00,75.0,2.28,12
443965,2020-08-24 13:00:00,77.0,2.16,13
443966,2020-08-24 14:00:00,77.0,2.28,14
443966,2020-08-24 14:00:00,84.0,2.28,14
443967,2020-08-24 15:00:00,84.0,2.24,15
443968,2020-08-24 16:00:00,81.0,2.36,16
443969,2020-08-24 17:00:00,77.0,2.36,17
443970,2020-08-24 18:00:00,70.0,2.4,18
443971,2020-08-24 19:00:00,66.0,2.32,19
443973,2020-08-24 21:00:00,66.0,2.2,21
443973,2020-08-24 21:00:00,64.0,2.2,21
443974,2020-08-24 22:00:00,64.0,2.04,22
443976,2020-08-25 00:00:00,63.0,1.6,0
443977,2020-08-25 01:00:00,63.0,1.52,1
443978,2020-08-25 02:00:00,63.0,1.4,2
443979,2020-08-25 03:00:00,63.0,1.4,3
443981,2020-08-25 05:00:00,63.0,1.52,5
443982,2020-08-25 06:00:00,63.0,1.4,6
443983,2020-08-25 07:00:00,63.0,1.6,7
443984,2020-08-25 08:00:00,64.0,1.76,8
443985,2020-08-25 09:00:00,66.0,1.92,9
443986,2020-08-25 10:00:00,70.0,1.6,10
443987,2020-08-25 11:00:00,73.0,2.04,11
443988,2020-08-25 12:00:00,72.0,2.2,12
443989,2020-08-25 13:00:00,72.0,2.44,13
443990,2020-08-25 14:00:00,75.0,2.28,14
443991,2020-08-25 15:00:00,77.0,2.28,15
443993,2020-08-25 17:00:00,72.0,3.24,17
443994,2020-08-25 18:00:00,66.0,3.4,18
443995,2020-08-25 19:00:00,66.0,3.04,19
443996,2020-08-25 20:00:00,66.0,2.76,20
443996,2020-08-25 20:00:00,64.0,2.76,20
443997,2020-08-25 21:00:00,64.0,2.48,21
443997,2020-08-25 21:00:00,63.0,2.48,21
443998,2020-08-25 22:00:00,63.0,2.4,22
443999,2020-08-25 23:00:00,63.0,1.96,23
444000,2020-08-26 00:00:00,63.0,1.76,0
444002,2020-08-26 02:00:00,61.0,1.44,2
444002,2020-08-26 02:00:00,59.0,1.44,2
444003,2020-08-26 03:00:00,61.0,1.28,3
444004,2020-08-26 04:00:00,59.0,1.44,4
444005,2020-08-26 05:00:00,59.0,1.32,5
444006,2020-08-26 06:00:00,59.0,1.44,6
444006,2020-08-26 06:00:00,61.0,1.44,6
444007,2020-08-26 07:00:00,63.0,1.72,7
444008,2020-08-26 08:00:00,64.0,1.72,8
444009,2020-08-26 09:00:00,64.0,1.72,9
444010,2020-08-26 10:00:00,66.0,1.88,10
444011,2020-08-26 11:00:00,68.0,1.96,11
444012,2020-08-26 12:00:00,72.0,1.92,12
444013,2020-08-26 13:00:00,70.0,1.92,13
444014,2020-08-26 14:00:00,70.0,2.2,14
444015,2020-08-26 15:00:00,68.0,2.2,15
444016,2020-08-26 16:00:00,64.0,2.2,16
444017,2020-08-26 17:00:00,63.0,2.08,17
444018,2020-08-26 18:00:00,59.0,2.04,18
444019,2020-08-26 19:00:00,59.0,2.24,19
444021,2020-08-26 21:00:00,59.0,1.84,21
444021,2020-08-26 21:00:00,57.0,1.84,21
444022,2020-08-26 22:00:00,57.0,1.4,22
444023,2020-08-26 23:00:00,57.0,1.24,23
444024,2020-08-27 00:00:00,57.0,1.16,0
444025,2020-08-27 01:00:00,57.0,1.04,1
444026,2020-08-27 02:00:00,57.0,1.04,2
444027,2020-08-27 03:00:00,57.0,1.0,3
444028,2020-08-27 04:00:00,57.0,1.24,4
444029,2020-08-27 05:00:00,57.0,1.16,5
444030,2020-08-27 06:00:00,57.0,1.2,6
444031,2020-08-27 07:00:00,61.0,1.12,7
444032,2020-08-27 08:00:00,63.0,1.16,8
